categoria,fila,numero,etiqueta,lado
Preferente,X,1,Preferente-X-1,izquierda
Preferente,X,2,Preferente-X-2,izquierda
Preferente,X,3,Preferente-X-3,izquierda
Preferente,X,4,Preferente-X-4,izquierda
Preferente,X,5,Preferente-X-5,izquierda
Preferente,X,6,Preferente-X-6,izquierda
Preferente,X,7,Preferente-X-7,izquierda
Preferente,X,8,Preferente-X-8,izquierda
Preferente,X,9,Preferente-X-9,izquierda
Preferente,X,10,Preferente-X-10,izquierda
Preferente,X,11,Preferente-X-11,izquierda
Preferente,X,12,Preferente-X-12,izquierda
Preferente,X,13,Preferente-X-13,derecha
Preferente,X,14,Preferente-X-14,derecha
Preferente,X,15,Preferente-X-15,derecha
Preferente,X,16,Preferente-X-16,derecha
Preferente,X,17,Preferente-X-17,derecha
Preferente,X,18,Preferente-X-18,derecha
Preferente,X,19,Preferente-X-19,derecha
Preferente,X,20,Preferente-X-20,derecha
Preferente,X,21,Preferente-X-21,derecha
Preferente,X,22,Preferente-X-22,derecha
Preferente,X,23,Preferente-X-23,derecha
Preferente,X,24,Preferente-X-24,derecha
Preferente,W,1,Preferente-W-1,izquierda
Preferente,W,2,Preferente-W-2,izquierda
Preferente,W,3,Preferente-W-3,izquierda
Preferente,W,4,Preferente-W-4,izquierda
Preferente,W,5,Preferente-W-5,izquierda
Preferente,W,6,Preferente-W-6,izquierda
Preferente,W,7,Preferente-W-7,izquierda
Preferente,W,8,Preferente-W-8,izquierda
Preferente,W,9,Preferente-W-9,izquierda
Preferente,W,10,Preferente-W-10,izquierda
Preferente,W,11,Preferente-W-11,izquierda
Preferente,W,12,Preferente-W-12,izquierda
Preferente,W,13,Preferente-W-13,central
Preferente,W,14,Preferente-W-14,central
Preferente,W,15,Preferente-W-15,central
Preferente,W,16,Preferente-W-16,central
Preferente,W,17,Preferente-W-17,central
Preferente,W,18,Preferente-W-18,central
Preferente,W,19,Preferente-W-19,central
Preferente,W,20,Preferente-W-20,central
Preferente,W,21,Preferente-W-21,central
Preferente,W,22,Preferente-W-22,central
Preferente,W,23,Preferente-W-23,central
Preferente,W,24,Preferente-W-24,central
Preferente,W,25,Preferente-W-25,derecha
Preferente,W,26,Preferente-W-26,derecha
Preferente,W,27,Preferente-W-27,derecha
Preferente,W,28,Preferente-W-28,derecha
Preferente,W,29,Preferente-W-29,derecha
Preferente,W,30,Preferente-W-30,derecha
Preferente,W,31,Preferente-W-31,derecha
Preferente,W,32,Preferente-W-32,derecha
Preferente,W,33,Preferente-W-33,derecha
Preferente,W,34,Preferente-W-34,derecha
Preferente,W,35,Preferente-W-35,derecha
Preferente,W,36,Preferente-W-36,derecha
Preferente,V,1,Preferente-V-1,izquierda
Preferente,V,2,Preferente-V-2,izquierda
Preferente,V,3,Preferente-V-3,izquierda
Preferente,V,4,Preferente-V-4,izquierda
Preferente,V,5,Preferente-V-5,izquierda
Preferente,V,6,Preferente-V-6,izquierda
Preferente,V,7,Preferente-V-7,izquierda
Preferente,V,8,Preferente-V-8,izquierda
Preferente,V,9,Preferente-V-9,izquierda
Preferente,V,10,Preferente-V-10,izquierda
Preferente,V,11,Preferente-V-11,izquierda
Preferente,V,12,Preferente-V-12,central
Preferente,V,13,Preferente-V-13,central
Preferente,V,14,Preferente-V-14,central
Preferente,V,15,Preferente-V-15,central
Preferente,V,16,Preferente-V-16,central
Preferente,V,17,Preferente-V-17,central
Preferente,V,18,Preferente-V-18,central
Preferente,V,19,Preferente-V-19,central
Preferente,V,20,Preferente-V-20,central
Preferente,V,21,Preferente-V-21,central
Preferente,V,22,Preferente-V-22,central
Preferente,V,23,Preferente-V-23,derecha
Preferente,V,24,Preferente-V-24,derecha
Preferente,V,25,Preferente-V-25,derecha
Preferente,V,26,Preferente-V-26,derecha
Preferente,V,27,Preferente-V-27,derecha
Preferente,V,28,Preferente-V-28,derecha
Preferente,V,29,Preferente-V-29,derecha
Preferente,V,30,Preferente-V-30,derecha
Preferente,V,31,Preferente-V-31,derecha
Preferente,V,32,Preferente-V-32,derecha
Preferente,V,33,Preferente-V-33,derecha
Preferente,U,1,Preferente-U-1,izquierda
Preferente,U,2,Preferente-U-2,izquierda
Preferente,U,3,Preferente-U-3,izquierda
Preferente,U,4,Preferente-U-4,izquierda
Preferente,U,5,Preferente-U-5,izquierda
Preferente,U,6,Preferente-U-6,izquierda
Preferente,U,7,Preferente-U-7,izquierda
Preferente,U,8,Preferente-U-8,izquierda
Preferente,U,9,Preferente-U-9,izquierda
Preferente,U,10,Preferente-U-10,izquierda
Preferente,U,11,Preferente-U-11,izquierda
Preferente,U,12,Preferente-U-12,central
Preferente,U,13,Preferente-U-13,central
Preferente,U,14,Preferente-U-14,central
Preferente,U,15,Preferente-U-15,central
Preferente,U,16,Preferente-U-16,central
Preferente,U,17,Preferente-U-17,central
Preferente,U,18,Preferente-U-18,central
Preferente,U,19,Preferente-U-19,central
Preferente,U,20,Preferente-U-20,central
Preferente,U,21,Preferente-U-21,central
Preferente,U,22,Preferente-U-22,central
Preferente,U,23,Preferente-U-23,central
Preferente,U,24,Preferente-U-24,derecha
Preferente,U,25,Preferente-U-25,derecha
Preferente,U,26,Preferente-U-26,derecha
Preferente,U,27,Preferente-U-27,derecha
Preferente,U,28,Preferente-U-28,derecha
Preferente,U,29,Preferente-U-29,derecha
Preferente,U,30,Preferente-U-30,derecha
Preferente,U,31,Preferente-U-31,derecha
Preferente,U,32,Preferente-U-32,derecha
Preferente,U,33,Preferente-U-33,derecha
Preferente,T,1,Preferente-T-1,izquierda
Preferente,T,2,Preferente-T-2,izquierda
Preferente,T,3,Preferente-T-3,izquierda
Preferente,T,4,Preferente-T-4,izquierda
Preferente,T,5,Preferente-T-5,izquierda
Preferente,T,6,Preferente-T-6,izquierda
Preferente,T,7,Preferente-T-7,izquierda
Preferente,T,8,Preferente-T-8,izquierda
Preferente,T,9,Preferente-T-9,izquierda
Preferente,T,10,Preferente-T-10,izquierda
Preferente,T,11,Preferente-T-11,izquierda
Preferente,T,12,Preferente-T-12,central
Preferente,T,13,Preferente-T-13,central
Preferente,T,14,Preferente-T-14,central
Preferente,T,15,Preferente-T-15,central
Preferente,T,16,Preferente-T-16,central
Preferente,T,17,Preferente-T-17,central
Preferente,T,18,Preferente-T-18,central
Preferente,T,19,Preferente-T-19,central
Preferente,T,20,Preferente-T-20,central
Preferente,T,21,Preferente-T-21,central
Preferente,T,22,Preferente-T-22,central
Preferente,T,23,Preferente-T-23,derecha
Preferente,T,24,Preferente-T-24,derecha
Preferente,T,25,Preferente-T-25,derecha
Preferente,T,26,Preferente-T-26,derecha
Preferente,T,27,Preferente-T-27,derecha
Preferente,T,28,Preferente-T-28,derecha
Preferente,T,29,Preferente-T-29,derecha
Preferente,T,30,Preferente-T-30,derecha
Preferente,T,31,Preferente-T-31,derecha
Preferente,T,32,Preferente-T-32,derecha
Preferente,S,1,Preferente-S-1,izquierda
Preferente,S,2,Preferente-S-2,izquierda
Preferente,S,3,Preferente-S-3,izquierda
Preferente,S,4,Preferente-S-4,izquierda
Preferente,S,5,Preferente-S-5,izquierda
Preferente,S,6,Preferente-S-6,izquierda
Preferente,S,7,Preferente-S-7,izquierda
Preferente,S,8,Preferente-S-8,izquierda
Preferente,S,9,Preferente-S-9,izquierda
Preferente,S,10,Preferente-S-10,izquierda
Preferente,S,11,Preferente-S-11,izquierda
Preferente,S,12,Preferente-S-12,izquierda
Preferente,S,13,Preferente-S-13,central
Preferente,S,14,Preferente-S-14,central
Preferente,S,15,Preferente-S-15,central
Preferente,S,16,Preferente-S-16,central
Preferente,S,17,Preferente-S-17,central
Preferente,S,18,Preferente-S-18,central
Preferente,S,19,Preferente-S-19,central
Preferente,S,20,Preferente-S-20,central
Preferente,S,21,Preferente-S-21,central
Preferente,S,22,Preferente-S-22,central
Preferente,S,23,Preferente-S-23,central
Preferente,S,24,Preferente-S-24,central
Preferente,S,25,Preferente-S-25,derecha
Preferente,S,26,Preferente-S-26,derecha
Preferente,S,27,Preferente-S-27,derecha
Preferente,S,28,Preferente-S-28,derecha
Preferente,S,29,Preferente-S-29,derecha
Preferente,S,30,Preferente-S-30,derecha
Preferente,S,31,Preferente-S-31,derecha
Preferente,S,32,Preferente-S-32,derecha
Preferente,S,33,Preferente-S-33,derecha
Preferente,S,34,Preferente-S-34,derecha
Preferente,S,35,Preferente-S-35,derecha
Preferente,R,1,Preferente-R-1,izquierda
Preferente,R,2,Preferente-R-2,izquierda
Preferente,R,3,Preferente-R-3,izquierda
Preferente,R,4,Preferente-R-4,izquierda
Preferente,R,5,Preferente-R-5,izquierda
Preferente,R,6,Preferente-R-6,izquierda
Preferente,R,7,Preferente-R-7,izquierda
Preferente,R,8,Preferente-R-8,izquierda
Preferente,R,9,Preferente-R-9,izquierda
Preferente,R,10,Preferente-R-10,izquierda
Preferente,R,11,Preferente-R-11,izquierda
Preferente,R,12,Preferente-R-12,izquierda
Preferente,R,13,Preferente-R-13,central
Preferente,R,14,Preferente-R-14,central
Preferente,R,15,Preferente-R-15,central
Preferente,R,16,Preferente-R-16,central
Preferente,R,17,Preferente-R-17,central
Preferente,R,18,Preferente-R-18,central
Preferente,R,19,Preferente-R-19,central
Preferente,R,20,Preferente-R-20,central
Preferente,R,21,Preferente-R-21,central
Preferente,R,22,Preferente-R-22,central
Preferente,R,23,Preferente-R-23,central
Preferente,R,24,Preferente-R-24,derecha
Preferente,R,25,Preferente-R-25,derecha
Preferente,R,26,Preferente-R-26,derecha
Preferente,R,27,Preferente-R-27,derecha
Preferente,R,28,Preferente-R-28,derecha
Preferente,R,29,Preferente-R-29,derecha
Preferente,R,30,Preferente-R-30,derecha
Preferente,R,31,Preferente-R-31,derecha
Preferente,R,32,Preferente-R-32,derecha
Preferente,R,33,Preferente-R-33,derecha
Preferente,R,34,Preferente-R-34,derecha
Preferente,Q,1,Preferente-Q-1,izquierda
Preferente,Q,2,Preferente-Q-2,izquierda
Preferente,Q,3,Preferente-Q-3,izquierda
Preferente,Q,4,Preferente-Q-4,izquierda
Preferente,Q,5,Preferente-Q-5,izquierda
Preferente,Q,6,Preferente-Q-6,izquierda
Preferente,Q,7,Preferente-Q-7,izquierda
Preferente,Q,8,Preferente-Q-8,izquierda
Preferente,Q,9,Preferente-Q-9,izquierda
Preferente,Q,10,Preferente-Q-10,izquierda
Preferente,Q,11,Preferente-Q-11,izquierda
Preferente,Q,12,Preferente-Q-12,central
Preferente,Q,13,Preferente-Q-13,central
Preferente,Q,14,Preferente-Q-14,central
Preferente,Q,15,Preferente-Q-15,central
Preferente,Q,16,Preferente-Q-16,central
Preferente,Q,17,Preferente-Q-17,central
Preferente,Q,18,Preferente-Q-18,central
Preferente,Q,19,Preferente-Q-19,central
Preferente,Q,20,Preferente-Q-20,central
Preferente,Q,21,Preferente-Q-21,central
Preferente,Q,22,Preferente-Q-22,central
Preferente,Q,23,Preferente-Q-23,central
Preferente,Q,24,Preferente-Q-24,derecha
Preferente,Q,25,Preferente-Q-25,derecha
Preferente,Q,26,Preferente-Q-26,derecha
Preferente,Q,27,Preferente-Q-27,derecha
Preferente,Q,28,Preferente-Q-28,derecha
Preferente,Q,29,Preferente-Q-29,derecha
Preferente,Q,30,Preferente-Q-30,derecha
Preferente,Q,31,Preferente-Q-31,derecha
Preferente,Q,32,Preferente-Q-32,derecha
Preferente,Q,33,Preferente-Q-33,derecha
Preferente,P,1,Preferente-P-1,izquierda
Preferente,P,2,Preferente-P-2,izquierda
Preferente,P,3,Preferente-P-3,izquierda
Preferente,P,4,Preferente-P-4,izquierda
Preferente,P,5,Preferente-P-5,izquierda
Preferente,P,6,Preferente-P-6,izquierda
Preferente,P,7,Preferente-P-7,izquierda
Preferente,P,8,Preferente-P-8,izquierda
Preferente,P,9,Preferente-P-9,izquierda
Preferente,P,10,Preferente-P-10,izquierda
Preferente,P,11,Preferente-P-11,izquierda
Preferente,P,12,Preferente-P-12,central
Preferente,P,13,Preferente-P-13,central
Preferente,P,14,Preferente-P-14,central
Preferente,P,15,Preferente-P-15,central
Preferente,P,16,Preferente-P-16,central
Preferente,P,17,Preferente-P-17,central
Preferente,P,18,Preferente-P-18,central
Preferente,P,19,Preferente-P-19,central
Preferente,P,20,Preferente-P-20,central
Preferente,P,21,Preferente-P-21,central
Preferente,P,22,Preferente-P-22,central
Preferente,P,23,Preferente-P-23,derecha
Preferente,P,24,Preferente-P-24,derecha
Preferente,P,25,Preferente-P-25,derecha
Preferente,P,26,Preferente-P-26,derecha
Preferente,P,27,Preferente-P-27,derecha
Preferente,P,28,Preferente-P-28,derecha
Preferente,P,29,Preferente-P-29,derecha
Preferente,P,30,Preferente-P-30,derecha
Preferente,P,31,Preferente-P-31,derecha
Preferente,P,32,Preferente-P-32,derecha
Preferente,O,1,Preferente-O-1,izquierda
Preferente,O,2,Preferente-O-2,izquierda
Preferente,O,3,Preferente-O-3,izquierda
Preferente,O,4,Preferente-O-4,izquierda
Preferente,O,5,Preferente-O-5,izquierda
Preferente,O,6,Preferente-O-6,izquierda
Preferente,O,7,Preferente-O-7,izquierda
Preferente,O,8,Preferente-O-8,izquierda
Preferente,O,9,Preferente-O-9,izquierda
Preferente,O,10,Preferente-O-10,izquierda
Preferente,O,11,Preferente-O-11,izquierda
Preferente,O,12,Preferente-O-12,central
Preferente,O,13,Preferente-O-13,central
Preferente,O,14,Preferente-O-14,central
Preferente,O,15,Preferente-O-15,central
Preferente,O,16,Preferente-O-16,central
Preferente,O,17,Preferente-O-17,central
Preferente,O,18,Preferente-O-18,central
Preferente,O,19,Preferente-O-19,central
Preferente,O,20,Preferente-O-20,central
Preferente,O,21,Preferente-O-21,central
Preferente,O,22,Preferente-O-22,central
Preferente,O,23,Preferente-O-23,central
Preferente,O,24,Preferente-O-24,derecha
Preferente,O,25,Preferente-O-25,derecha
Preferente,O,26,Preferente-O-26,derecha
Preferente,O,27,Preferente-O-27,derecha
Preferente,O,28,Preferente-O-28,derecha
Preferente,O,29,Preferente-O-29,derecha
Preferente,O,30,Preferente-O-30,derecha
Preferente,O,31,Preferente-O-31,derecha
Preferente,O,32,Preferente-O-32,derecha
Preferente,O,33,Preferente-O-33,derecha
Preferente,O,34,Preferente-O-34,derecha
Preferente,N,1,Preferente-N-1,izquierda
Preferente,N,2,Preferente-N-2,izquierda
Preferente,N,3,Preferente-N-3,izquierda
Preferente,N,4,Preferente-N-4,izquierda
Preferente,N,5,Preferente-N-5,izquierda
Preferente,N,6,Preferente-N-6,izquierda
Preferente,N,7,Preferente-N-7,izquierda
Preferente,N,8,Preferente-N-8,izquierda
Preferente,N,9,Preferente-N-9,izquierda
Preferente,N,10,Preferente-N-10,izquierda
Preferente,N,11,Preferente-N-11,izquierda
Preferente,N,12,Preferente-N-12,izquierda
Preferente,N,13,Preferente-N-13,central
Preferente,N,14,Preferente-N-14,central
Preferente,N,15,Preferente-N-15,central
Preferente,N,16,Preferente-N-16,central
Preferente,N,17,Preferente-N-17,central
Preferente,N,18,Preferente-N-18,central
Preferente,N,19,Preferente-N-19,central
Preferente,N,20,Preferente-N-20,central
Preferente,N,21,Preferente-N-21,central
Preferente,N,22,Preferente-N-22,central
Preferente,N,23,Preferente-N-23,central
Preferente,N,24,Preferente-N-24,derecha
Preferente,N,25,Preferente-N-25,derecha
Preferente,N,26,Preferente-N-26,derecha
Preferente,N,27,Preferente-N-27,derecha
Preferente,N,28,Preferente-N-28,derecha
Preferente,N,29,Preferente-N-29,derecha
Preferente,N,30,Preferente-N-30,derecha
Preferente,N,31,Preferente-N-31,derecha
Preferente,N,32,Preferente-N-32,derecha
Preferente,N,33,Preferente-N-33,derecha
Preferente,N,34,Preferente-N-34,derecha
Preferente,M,1,Preferente-M-1,izquierda
Preferente,M,2,Preferente-M-2,izquierda
Preferente,M,3,Preferente-M-3,izquierda
Preferente,M,4,Preferente-M-4,izquierda
Preferente,M,5,Preferente-M-5,izquierda
Preferente,M,6,Preferente-M-6,izquierda
Preferente,M,7,Preferente-M-7,izquierda
Preferente,M,8,Preferente-M-8,izquierda
Preferente,M,9,Preferente-M-9,izquierda
Preferente,M,10,Preferente-M-10,izquierda
Preferente,M,11,Preferente-M-11,izquierda
Preferente,M,12,Preferente-M-12,izquierda
Preferente,M,13,Preferente-M-13,central
Preferente,M,14,Preferente-M-14,central
Preferente,M,15,Preferente-M-15,central
Preferente,M,16,Preferente-M-16,central
Preferente,M,17,Preferente-M-17,central
Preferente,M,18,Preferente-M-18,central
Preferente,M,19,Preferente-M-19,central
Preferente,M,20,Preferente-M-20,central
Preferente,M,21,Preferente-M-21,central
Preferente,M,22,Preferente-M-22,central
Preferente,M,23,Preferente-M-23,central
Preferente,M,24,Preferente-M-24,central
Preferente,M,25,Preferente-M-25,derecha
Preferente,M,26,Preferente-M-26,derecha
Preferente,M,27,Preferente-M-27,derecha
Preferente,M,28,Preferente-M-28,derecha
Preferente,M,29,Preferente-M-29,derecha
Preferente,M,30,Preferente-M-30,derecha
Preferente,M,31,Preferente-M-31,derecha
Preferente,M,32,Preferente-M-32,derecha
Preferente,M,33,Preferente-M-33,derecha
Preferente,M,34,Preferente-M-34,derecha
Preferente,L,1,Preferente-L-1,izquierda
Preferente,L,2,Preferente-L-2,izquierda
Preferente,L,3,Preferente-L-3,izquierda
Preferente,L,4,Preferente-L-4,izquierda
Preferente,L,5,Preferente-L-5,izquierda
Preferente,L,6,Preferente-L-6,izquierda
Preferente,L,7,Preferente-L-7,izquierda
Preferente,L,8,Preferente-L-8,izquierda
Preferente,L,9,Preferente-L-9,izquierda
Preferente,L,10,Preferente-L-10,izquierda
Preferente,L,11,Preferente-L-11,izquierda
Preferente,L,12,Preferente-L-12,central
Preferente,L,13,Preferente-L-13,central
Preferente,L,14,Preferente-L-14,central
Preferente,L,15,Preferente-L-15,central
Preferente,L,16,Preferente-L-16,central
Preferente,L,17,Preferente-L-17,central
Preferente,L,18,Preferente-L-18,central
Preferente,L,19,Preferente-L-19,central
Preferente,L,20,Preferente-L-20,central
Preferente,L,21,Preferente-L-21,central
Preferente,L,22,Preferente-L-22,central
Preferente,L,23,Preferente-L-23,derecha
Preferente,L,24,Preferente-L-24,derecha
Preferente,L,25,Preferente-L-25,derecha
Preferente,L,26,Preferente-L-26,derecha
Preferente,L,27,Preferente-L-27,derecha
Preferente,L,28,Preferente-L-28,derecha
Preferente,L,29,Preferente-L-29,derecha
Preferente,L,30,Preferente-L-30,derecha
Preferente,L,31,Preferente-L-31,derecha
Preferente,L,32,Preferente-L-32,derecha
Preferente,K,1,Preferente-K-1,izquierda
Preferente,K,2,Preferente-K-2,izquierda
Preferente,K,3,Preferente-K-3,izquierda
Preferente,K,4,Preferente-K-4,izquierda
Preferente,K,5,Preferente-K-5,izquierda
Preferente,K,6,Preferente-K-6,izquierda
Preferente,K,7,Preferente-K-7,izquierda
Preferente,K,8,Preferente-K-8,izquierda
Preferente,K,9,Preferente-K-9,izquierda
Preferente,K,10,Preferente-K-10,izquierda
Preferente,K,11,Preferente-K-11,izquierda
Preferente,K,12,Preferente-K-12,central
Preferente,K,13,Preferente-K-13,central
Preferente,K,14,Preferente-K-14,central
Preferente,K,15,Preferente-K-15,central
Preferente,K,16,Preferente-K-16,central
Preferente,K,17,Preferente-K-17,central
Preferente,K,18,Preferente-K-18,central
Preferente,K,19,Preferente-K-19,central
Preferente,K,20,Preferente-K-20,central
Preferente,K,21,Preferente-K-21,central
Preferente,K,22,Preferente-K-22,central
Preferente,K,23,Preferente-K-23,central
Preferente,K,24,Preferente-K-24,derecha
Preferente,K,25,Preferente-K-25,derecha
Preferente,K,26,Preferente-K-26,derecha
Preferente,K,27,Preferente-K-27,derecha
Preferente,K,28,Preferente-K-28,derecha
Preferente,K,29,Preferente-K-29,derecha
Preferente,K,30,Preferente-K-30,derecha
Preferente,K,31,Preferente-K-31,derecha
Preferente,K,32,Preferente-K-32,derecha
Preferente,J,1,Preferente-J-1,central
Preferente,J,2,Preferente-J-2,central
Preferente,J,3,Preferente-J-3,central
Preferente,J,4,Preferente-J-4,central
Preferente,J,5,Preferente-J-5,central
Preferente,J,6,Preferente-J-6,central
Preferente,J,7,Preferente-J-7,central
Preferente,J,8,Preferente-J-8,central
Preferente,J,9,Preferente-J-9,central
Preferente,J,10,Preferente-J-10,central
Preferente,J,11,Preferente-J-11,central
VIP,I,1,VIP-I-1,izquierda
VIP,I,2,VIP-I-2,izquierda
VIP,I,3,VIP-I-3,izquierda
VIP,I,4,VIP-I-4,izquierda
VIP,I,5,VIP-I-5,izquierda
VIP,I,6,VIP-I-6,izquierda
VIP,I,7,VIP-I-7,izquierda
VIP,I,8,VIP-I-8,izquierda
VIP,I,9,VIP-I-9,izquierda
VIP,I,10,VIP-I-10,izquierda
VIP,I,11,VIP-I-11,izquierda
VIP,I,12,VIP-I-12,central
VIP,I,13,VIP-I-13,central
VIP,I,14,VIP-I-14,central
VIP,I,15,VIP-I-15,central
VIP,I,16,VIP-I-16,central
VIP,I,17,VIP-I-17,central
VIP,I,18,VIP-I-18,central
VIP,I,19,VIP-I-19,central
VIP,I,20,VIP-I-20,central
VIP,I,21,VIP-I-21,central
VIP,I,22,VIP-I-22,central
VIP,I,23,VIP-I-23,central
VIP,I,24,VIP-I-24,derecha
VIP,I,25,VIP-I-25,derecha
VIP,I,26,VIP-I-26,derecha
VIP,I,27,VIP-I-27,derecha
VIP,I,28,VIP-I-28,derecha
VIP,I,29,VIP-I-29,derecha
VIP,I,30,VIP-I-30,derecha
VIP,I,31,VIP-I-31,derecha
VIP,I,32,VIP-I-32,derecha
VIP,H,1,VIP-H-1,izquierda
VIP,H,2,VIP-H-2,izquierda
VIP,H,3,VIP-H-3,izquierda
VIP,H,4,VIP-H-4,izquierda
VIP,H,5,VIP-H-5,izquierda
VIP,H,6,VIP-H-6,izquierda
VIP,H,7,VIP-H-7,izquierda
VIP,H,8,VIP-H-8,izquierda
VIP,H,9,VIP-H-9,izquierda
VIP,H,10,VIP-H-10,izquierda
VIP,H,11,VIP-H-11,central
VIP,H,12,VIP-H-12,central
VIP,H,13,VIP-H-13,central
VIP,H,14,VIP-H-14,central
VIP,H,15,VIP-H-15,central
VIP,H,16,VIP-H-16,central
VIP,H,17,VIP-H-17,central
VIP,H,18,VIP-H-18,central
VIP,H,19,VIP-H-19,central
VIP,H,20,VIP-H-20,central
VIP,H,21,VIP-H-21,central
VIP,H,22,VIP-H-22,derecha
VIP,H,23,VIP-H-23,derecha
VIP,H,24,VIP-H-24,derecha
VIP,H,25,VIP-H-25,derecha
VIP,H,26,VIP-H-26,derecha
VIP,H,27,VIP-H-27,derecha
VIP,H,28,VIP-H-28,derecha
VIP,H,29,VIP-H-29,derecha
VIP,G,1,VIP-G-1,izquierda
VIP,G,2,VIP-G-2,izquierda
VIP,G,3,VIP-G-3,izquierda
VIP,G,4,VIP-G-4,izquierda
VIP,G,5,VIP-G-5,izquierda
VIP,G,6,VIP-G-6,izquierda
VIP,G,7,VIP-G-7,izquierda
VIP,G,8,VIP-G-8,izquierda
VIP,G,9,VIP-G-9,izquierda
VIP,G,10,VIP-G-10,central
VIP,G,11,VIP-G-11,central
VIP,G,12,VIP-G-12,central
VIP,G,13,VIP-G-13,central
VIP,G,14,VIP-G-14,central
VIP,G,15,VIP-G-15,central
VIP,G,16,VIP-G-16,central
VIP,G,17,VIP-G-17,central
VIP,G,18,VIP-G-18,central
VIP,G,19,VIP-G-19,central
VIP,G,20,VIP-G-20,central
VIP,G,21,VIP-G-21,central
VIP,G,22,VIP-G-22,derecha
VIP,G,23,VIP-G-23,derecha
VIP,G,24,VIP-G-24,derecha
VIP,G,25,VIP-G-25,derecha
VIP,G,26,VIP-G-26,derecha
VIP,G,27,VIP-G-27,derecha
VIP,G,28,VIP-G-28,derecha
VIP,G,29,VIP-G-29,derecha
VIP,F,1,VIP-F-1,izquierda
VIP,F,2,VIP-F-2,izquierda
VIP,F,3,VIP-F-3,izquierda
VIP,F,4,VIP-F-4,izquierda
VIP,F,5,VIP-F-5,izquierda
VIP,F,6,VIP-F-6,izquierda
VIP,F,7,VIP-F-7,izquierda
VIP,F,8,VIP-F-8,izquierda
VIP,F,9,VIP-F-9,izquierda
VIP,F,10,VIP-F-10,izquierda
VIP,F,11,VIP-F-11,central
VIP,F,12,VIP-F-12,central
VIP,F,13,VIP-F-13,central
VIP,F,14,VIP-F-14,central
VIP,F,15,VIP-F-15,central
VIP,F,16,VIP-F-16,central
VIP,F,17,VIP-F-17,central
VIP,F,18,VIP-F-18,central
VIP,F,19,VIP-F-19,central
VIP,F,20,VIP-F-20,central
VIP,F,21,VIP-F-21,central
VIP,F,22,VIP-F-22,derecha
VIP,F,23,VIP-F-23,derecha
VIP,F,24,VIP-F-24,derecha
VIP,F,25,VIP-F-25,derecha
VIP,F,26,VIP-F-26,derecha
VIP,F,27,VIP-F-27,derecha
VIP,F,28,VIP-F-28,derecha
VIP,F,29,VIP-F-29,derecha
VIP,E,1,VIP-E-1,izquierda
VIP,E,2,VIP-E-2,izquierda
VIP,E,3,VIP-E-3,izquierda
VIP,E,4,VIP-E-4,izquierda
VIP,E,5,VIP-E-5,izquierda
VIP,E,6,VIP-E-6,izquierda
VIP,E,7,VIP-E-7,izquierda
VIP,E,8,VIP-E-8,izquierda
VIP,E,9,VIP-E-9,izquierda
VIP,E,10,VIP-E-10,central
VIP,E,11,VIP-E-11,central
VIP,E,12,VIP-E-12,central
VIP,E,13,VIP-E-13,central
VIP,E,14,VIP-E-14,central
VIP,E,15,VIP-E-15,central
VIP,E,16,VIP-E-16,central
VIP,E,17,VIP-E-17,central
VIP,E,18,VIP-E-18,central
VIP,E,19,VIP-E-19,central
VIP,E,20,VIP-E-20,central
VIP,E,21,VIP-E-21,central
VIP,E,22,VIP-E-22,derecha
VIP,E,23,VIP-E-23,derecha
VIP,E,24,VIP-E-24,derecha
VIP,E,25,VIP-E-25,derecha
VIP,E,26,VIP-E-26,derecha
VIP,E,27,VIP-E-27,derecha
VIP,E,28,VIP-E-28,derecha
VIP,D,1,VIP-D-1,izquierda
VIP,D,2,VIP-D-2,izquierda
VIP,D,3,VIP-D-3,izquierda
VIP,D,4,VIP-D-4,izquierda
VIP,D,5,VIP-D-5,izquierda
VIP,D,6,VIP-D-6,izquierda
VIP,D,7,VIP-D-7,izquierda
VIP,D,8,VIP-D-8,izquierda
VIP,D,9,VIP-D-9,izquierda
VIP,D,10,VIP-D-10,central
VIP,D,11,VIP-D-11,central
VIP,D,12,VIP-D-12,central
VIP,D,13,VIP-D-13,central
VIP,D,14,VIP-D-14,central
VIP,D,15,VIP-D-15,central
VIP,D,16,VIP-D-16,central
VIP,D,17,VIP-D-17,central
VIP,D,18,VIP-D-18,central
VIP,D,19,VIP-D-19,central
VIP,D,20,VIP-D-20,central
VIP,D,21,VIP-D-21,derecha
VIP,D,22,VIP-D-22,derecha
VIP,D,23,VIP-D-23,derecha
VIP,D,24,VIP-D-24,derecha
VIP,D,25,VIP-D-25,derecha
VIP,D,26,VIP-D-26,derecha
VIP,D,27,VIP-D-27,derecha
VIP,C,1,VIP-C-1,izquierda
VIP,C,2,VIP-C-2,izquierda
VIP,C,3,VIP-C-3,izquierda
VIP,C,4,VIP-C-4,izquierda
VIP,C,5,VIP-C-5,izquierda
VIP,C,6,VIP-C-6,izquierda
VIP,C,7,VIP-C-7,izquierda
VIP,C,8,VIP-C-8,izquierda
VIP,C,9,VIP-C-9,central
VIP,C,10,VIP-C-10,central
VIP,C,11,VIP-C-11,central
VIP,C,12,VIP-C-12,central
VIP,C,13,VIP-C-13,central
VIP,C,14,VIP-C-14,central
VIP,C,15,VIP-C-15,central
VIP,C,16,VIP-C-16,central
VIP,C,17,VIP-C-17,central
VIP,C,18,VIP-C-18,central
VIP,C,19,VIP-C-19,central
VIP,C,20,VIP-C-20,derecha
VIP,C,21,VIP-C-21,derecha
VIP,C,22,VIP-C-22,derecha
VIP,C,23,VIP-C-23,derecha
VIP,C,24,VIP-C-24,derecha
VIP,C,25,VIP-C-25,derecha
VIP,C,26,VIP-C-26,derecha
Exclusivo,B,1,Exclusivo-B-1,izquierda
Exclusivo,B,2,Exclusivo-B-2,izquierda
Exclusivo,B,3,Exclusivo-B-3,izquierda
Exclusivo,B,4,Exclusivo-B-4,izquierda
Exclusivo,B,5,Exclusivo-B-5,izquierda
Exclusivo,B,6,Exclusivo-B-6,izquierda
Exclusivo,B,7,Exclusivo-B-7,izquierda
Exclusivo,B,8,Exclusivo-B-8,izquierda
Exclusivo,B,9,Exclusivo-B-9,central
Exclusivo,B,10,Exclusivo-B-10,central
Exclusivo,B,11,Exclusivo-B-11,central
Exclusivo,B,12,Exclusivo-B-12,central
Exclusivo,B,13,Exclusivo-B-13,central
Exclusivo,B,14,Exclusivo-B-14,central
Exclusivo,B,15,Exclusivo-B-15,central
Exclusivo,B,16,Exclusivo-B-16,central
Exclusivo,B,17,Exclusivo-B-17,central
Exclusivo,B,18,Exclusivo-B-18,central
Exclusivo,B,19,Exclusivo-B-19,central
Exclusivo,B,20,Exclusivo-B-20,derecha
Exclusivo,B,21,Exclusivo-B-21,derecha
Exclusivo,B,22,Exclusivo-B-22,derecha
Exclusivo,B,23,Exclusivo-B-23,derecha
Exclusivo,B,24,Exclusivo-B-24,derecha
Exclusivo,B,25,Exclusivo-B-25,derecha
Exclusivo,A,1,Exclusivo-A-1,izquierda
Exclusivo,A,2,Exclusivo-A-2,izquierda
Exclusivo,A,3,Exclusivo-A-3,izquierda
Exclusivo,A,4,Exclusivo-A-4,izquierda
Exclusivo,A,5,Exclusivo-A-5,izquierda
Exclusivo,A,6,Exclusivo-A-6,izquierda
Exclusivo,A,7,Exclusivo-A-7,izquierda
Exclusivo,A,8,Exclusivo-A-8,izquierda
Exclusivo,A,9,Exclusivo-A-9,central
Exclusivo,A,10,Exclusivo-A-10,central
Exclusivo,A,11,Exclusivo-A-11,central
Exclusivo,A,12,Exclusivo-A-12,central
Exclusivo,A,13,Exclusivo-A-13,central
Exclusivo,A,14,Exclusivo-A-14,central
Exclusivo,A,15,Exclusivo-A-15,central
Exclusivo,A,16,Exclusivo-A-16,central
Exclusivo,A,17,Exclusivo-A-17,central
Exclusivo,A,18,Exclusivo-A-18,central
Exclusivo,A,19,Exclusivo-A-19,central
Exclusivo,A,20,Exclusivo-A-20,derecha
Exclusivo,A,21,Exclusivo-A-21,derecha
Exclusivo,A,22,Exclusivo-A-22,derecha
Exclusivo,A,23,Exclusivo-A-23,derecha
Exclusivo,A,24,Exclusivo-A-24,derecha
Exclusivo,A,25,Exclusivo-A-25,derecha
Discapacitados,J,1,Discapacitados-J-1,izquierda
Discapacitados,J,2,Discapacitados-J-2,izquierda
Discapacitados,J,3,Discapacitados-J-3,izquierda
Discapacitados,J,4,Discapacitados-J-4,derecha
Discapacitados,J,5,Discapacitados-J-5,derecha
Discapacitados,J,6,Discapacitados-J-6,derecha
